parameter,mode,start_dsgejl,mean,sd,q05,q16,median,q84,q95,rhat,ess_bulk,ess_tail,chain_median_min,chain_median_max,prior,prior_mean,prior_std,prior_nu,prior_tau
alpha,0.218175,0.1596,0.209505,0.0145738,0.185954,0.194911,0.209288,0.224117,0.233874,1.00325,1326.29,2648.8,0.208378,0.210237,normal,0.3,0.05,,
zeta_p,0.94312,0.894,0.93984,0.0138256,0.913635,0.926918,0.94182,0.95282,0.958746,1.01218,756.049,838.042,0.940891,0.943793,beta_alt,0.5,0.1,,
iota_p,0.332466,0.1865,0.321229,0.0974503,0.170252,0.223641,0.316174,0.420458,0.488987,1.00444,1612.99,2496.35,0.308887,0.322529,beta_alt,0.5,0.15,,
Phi,1.09471,1.1066,1.08198,0.0349516,1.02533,1.04728,1.08156,1.11646,1.1406,1.00658,1500.18,3230.21,1.07771,1.08548,normal,1.25,0.12,,
Spp,2.08268,2.7314,2.02572,0.509755,1.28899,1.52475,1.97131,2.53609,2.94106,1.0041,844.341,1224.83,1.92687,2.02393,normal,4,1.5,,
h,0.302293,0.5347,0.326446,0.041446,0.259078,0.285254,0.326022,0.36758,0.395086,1.00408,1479.14,2660.64,0.321074,0.328672,beta_alt,0.7,0.1,,
ppsi,0.482924,0.6862,0.469891,0.0692253,0.359526,0.400475,0.46817,0.539299,0.586754,1.00506,1510.27,3101.43,0.462721,0.473615,beta_alt,0.5,0.15,,
nu_l,3.19126,2.5975,3.05266,0.520251,2.22224,2.53747,3.03535,3.55916,3.94122,1.00363,1555.36,2721.9,2.98552,3.08594,normal,2,0.75,,
zeta_w,0.907425,0.9291,0.91082,0.0128997,0.887934,0.898443,0.911839,0.923325,0.930261,1.00531,1341.86,2991.15,0.91027,0.913535,beta_alt,0.5,0.1,,
iota_w,0.405988,0.2992,0.379655,0.119298,0.194783,0.257975,0.374259,0.501504,0.584579,1.00299,1464.55,3134.1,0.366075,0.386207,beta_alt,0.5,0.15,,
beta,0.0911724,0.1402,0.101534,0.0363406,0.0482587,0.0653569,0.0981122,0.1376,0.166515,1.00283,1830.95,2479.21,0.0955044,0.0997643,gamma_alt,0.25,0.1,,
psi1,1.41368,1.3679,1.46754,0.16572,1.21191,1.30194,1.45833,1.63235,1.75507,1.00586,1491.07,3552.9,1.44118,1.48046,normal,1.5,0.25,,
psi2,0.0871593,0.0388,0.0841043,0.0175195,0.0573049,0.0669451,0.0830784,0.101139,0.114649,1.0039,1374.45,1913.4,0.0818163,0.0837991,normal,0.12,0.05,,
psi3,0.255972,0.2464,0.271938,0.026913,0.229339,0.245104,0.270913,0.298444,0.317713,1.00388,1363.47,2772.86,0.268233,0.274174,normal,0.12,0.05,,
sigma_c,1.48835,0.8719,1.49441,0.136341,1.27515,1.36055,1.49125,1.62969,1.72367,1.00485,1430.84,2743.5,1.48406,1.50068,normal,1.5,0.37,,
rho,0.768775,0.7126,0.76394,0.034736,0.702009,0.730362,0.766477,0.7979,0.815896,1.00302,1296.89,2418.83,0.763604,0.77204,beta_alt,0.75,0.1,,
spr,1.75932,1.7444,1.75622,0.0788215,1.62826,1.67818,1.75507,1.83453,1.88738,1.00315,1676.46,3649.44,1.74829,1.76167,gamma_alt,2,0.1,,
zeta_spb,0.0517159,0.0559,0.0522981,0.00394455,0.0461491,0.0484105,0.0521095,0.0562143,0.0590107,1.0058,1894.09,3841.46,0.0516466,0.0526475,beta_alt,0.05,0.005,,
gamma,0.368609,0.3673,0.357789,0.0351805,0.299774,0.322604,0.358172,0.392738,0.415018,1.0046,1557.85,2726.56,0.354133,0.363718,normal,0.4,0.1,,
Lmean,-47.0298,-45.9364,-47.2008,0.787143,-48.5267,-47.9596,-47.1944,-46.4359,-45.9311,1.00338,1378.35,2405.89,-47.285,-47.1335,normal,-45,5,,
rho_g,0.981411,0.9863,0.979938,0.00552136,0.970472,0.974439,0.980192,0.985393,0.988546,1.00959,1159.23,1796.24,0.979136,0.980973,beta_alt,0.5,0.2,,
rho_b,0.948115,0.941,0.945851,0.00714397,0.93326,0.938734,0.946433,0.952867,0.956537,1.00846,1509.42,3321.24,0.94556,0.947164,beta_alt,0.5,0.2,,
rho_mu,0.757088,0.8735,0.770148,0.0354428,0.710298,0.734742,0.771233,0.805466,0.826916,1.00574,1060.37,1857.88,0.769017,0.773429,beta_alt,0.5,0.2,,
rho_ztil,0.968058,0.9446,0.88663,0.0711958,0.748672,0.81582,0.902154,0.955046,0.971652,1.02264,286.004,588.359,0.885444,0.925608,beta_alt,0.5,0.2,,
rho_lambda_f,0.893823,0.8827,0.889433,0.034269,0.82745,0.857068,0.89314,0.922375,0.938576,1.0166,546.368,406.417,0.889256,0.898743,beta_alt,0.5,0.2,,
rho_lambda_w,0.507935,0.3884,0.453191,0.164827,0.186348,0.275792,0.451386,0.628365,0.725864,1.00988,904.747,591.892,0.427717,0.466672,beta_alt,0.5,0.2,,
rho_rm,0.154741,0.2135,0.177457,0.0616767,0.0803442,0.116168,0.174382,0.23894,0.283942,1.00498,1168.91,1157.39,0.167597,0.17913,beta_alt,0.5,0.2,,
rho_sigma_w,0.997439,0.9898,0.992846,0.00680843,0.980695,0.987805,0.994592,0.998149,0.999252,1.00265,2185.48,3398.83,0.994302,0.994749,beta_alt,0.75,0.15,,
rho_lr,0.963788,0.6936,0.960898,0.0138122,0.936726,0.947047,0.961811,0.974825,0.981885,1.00604,1739.9,2066.75,0.960594,0.963582,beta_alt,0.5,0.2,,
rho_z_p,0.758435,0.891,0.578671,0.113876,0.406484,0.46524,0.567952,0.700986,0.784843,1.01916,324.705,704.129,0.547589,0.599933,beta_alt,0.5,0.2,,
rho_tfp,0.20132,0.1953,0.22553,0.0643684,0.120725,0.161025,0.224835,0.290589,0.332099,1.00362,1620.18,2003.92,0.219067,0.228669,beta_alt,0.5,0.2,,
rho_gdpdef,0.441028,0.5379,0.453835,0.0737174,0.330647,0.37988,0.45536,0.52693,0.573011,1.00821,1391.81,2481.18,0.444051,0.472536,beta_alt,0.5,0.2,,
rho_corepce,0.138381,0.232,0.178131,0.087761,0.0527884,0.0896938,0.167872,0.266135,0.33788,1.00787,1778.55,2418.93,0.14979,0.178364,beta_alt,0.5,0.2,,
rho_gdp,0.886395,0,0.0791787,0.123629,-0.116507,-0.0427772,0.0754876,0.201911,0.290563,1.01067,775.262,2355.53,0.0511946,0.0855004,normal,0,0.2,,
rho_gdi,0.541169,0,0.92444,0.0240485,0.884339,0.900504,0.924677,0.948459,0.963848,1.00421,1093.95,1428.6,0.921422,0.928048,normal,0,0.2,,
rho_gdpvar,-0.297687,0,-0.154586,0.355972,-0.735585,-0.519956,-0.163929,0.207864,0.450506,1.00513,1476.55,1754.45,-0.194264,-0.12881,normal,0,0.4,,
sigma_g,2.27249,2.523,2.19937,0.112005,2.02273,2.08708,2.19575,2.30992,2.39097,1.00586,1572.73,3453.91,2.18408,2.21102,root_inverse_gamma,,,2,0.1
sigma_b,0.0296131,0.0292,0.028468,0.00240685,0.0246813,0.026073,0.0283631,0.030863,0.0325988,1.00365,1533.63,3373.95,0.0282298,0.0286607,root_inverse_gamma,,,2,0.1
sigma_mu,0.548527,0.4559,0.575121,0.0733502,0.476266,0.506845,0.564447,0.642581,0.709246,1.00494,845.265,958.845,0.557277,0.572096,root_inverse_gamma,,,2,0.1
sigma_ztil,0.526638,0.6742,0.443668,0.0609443,0.342248,0.380659,0.443466,0.507242,0.542531,1.02313,288.676,422.096,0.427603,0.464123,root_inverse_gamma,,,2,0.1
sigma_lambda_f,0.0619726,0.1314,0.0610974,0.00934826,0.0462768,0.0516763,0.0607634,0.0704117,0.0771046,1.00519,1533.77,2901.72,0.0601701,0.0619421,root_inverse_gamma,,,2,0.1
sigma_lambda_w,0.365764,0.3864,0.369355,0.0243519,0.331156,0.344902,0.368367,0.393917,0.410567,1.00362,1330.78,3068.67,0.366271,0.370179,root_inverse_gamma,,,2,0.1
sigma_r_m,0.226944,0.238,0.233823,0.013978,0.212156,0.219906,0.233088,0.247538,0.258062,1.00279,1332.17,2947.26,0.231665,0.234472,root_inverse_gamma,,,2,0.1
sigma_sigma_omega,0.0339583,0.0428,0.0349093,0.00419945,0.0282851,0.0307071,0.0347426,0.0391136,0.0420891,1.00628,1695.74,3391.61,0.03421,0.0351082,root_inverse_gamma,,,4,0.05
sigma_pi_star,0.0341447,0.0269,0.03457,0.00452807,0.0274251,0.0300752,0.0344288,0.0390007,0.0422911,1.00696,1419.1,2720.37,0.0338052,0.0351588,root_inverse_gamma,,,6,0.03
sigma_lr,0.114904,0.1766,0.116246,0.00572753,0.107171,0.110565,0.116056,0.121883,0.12584,1.00535,1731.48,3470.07,0.115401,0.117227,root_inverse_gamma,,,2,0.75
sigma_z_p,0.213868,0.1662,0.391127,0.107705,0.196086,0.27131,0.403593,0.499934,0.548573,1.01585,386.129,1777.12,0.368293,0.424255,root_inverse_gamma,,,2,0.1
sigma_tfp,0.652233,0.9391,0.677567,0.0389023,0.615405,0.638882,0.676519,0.715724,0.743704,1.00215,1777.07,3807.63,0.672793,0.678119,root_inverse_gamma,,,2,0.1
sigma_gdpdef,0.184283,0.1575,0.185568,0.0102215,0.169217,0.175437,0.18532,0.195782,0.20276,1.00525,1522.61,3121.19,0.184331,0.186967,root_inverse_gamma,,,2,0.1
sigma_corepce,0.117082,0.0999,0.119368,0.010134,0.102975,0.109429,0.119138,0.129344,0.136382,1.00285,1586.38,3555.59,0.118498,0.119988,root_inverse_gamma,,,2,0.1
sigma_gdp,0.358689,0.1,0.257295,0.023573,0.220935,0.233869,0.256149,0.280612,0.298055,1.01427,594.551,1424.7,0.251311,0.258858,root_inverse_gamma,,,2,0.1
sigma_gdi,0.235106,0.1,0.305478,0.0198293,0.273504,0.285789,0.305127,0.325221,0.338791,1.00527,1562.11,4961.88,0.303853,0.306334,root_inverse_gamma,,,2,0.1
eta_gz,0.408013,0.84,0.490576,0.19563,0.175156,0.280913,0.487925,0.700466,0.816159,1.00555,1002.93,2188.99,0.453796,0.508188,beta_alt,0.5,0.2,,
eta_lambda_f,0.782478,0.7892,0.750926,0.0797057,0.602243,0.672461,0.760656,0.829655,0.863185,1.01209,997.872,1480.23,0.754891,0.776473,beta_alt,0.5,0.2,,
eta_lambda_w,0.506373,0.4226,0.448762,0.155047,0.202895,0.286023,0.443382,0.612995,0.711766,1.00892,1011.16,1035.99,0.421491,0.461377,beta_alt,0.5,0.2,,
Gamma_gdpdef,1.0489,1.0354,1.05039,0.0451769,0.976597,1.00583,1.0501,1.0952,1.12502,1.00491,1407,2978.59,1.04543,1.0557,normal,1,2,,
delta_gdpdef,0.0100902,0.0181,0.0105622,0.0268453,-0.033411,-0.0158774,0.0106806,0.0369753,0.0544083,1.00876,1295.43,2966.7,0.0061397,0.014343,normal,0,2,,
