dates,mean_forecast_old,mean_history,mean_forecast_new
2021-03-31,,3.4622870845843137,
2021-06-30,,5.80870218398085,
2021-09-30,,4.829403106903952,
2021-12-31,,5.306855346785216,
2022-03-31,,6.133032850871301,
2022-06-30,,4.859682120782744,
2022-09-30,,5.144026071199798,
2022-12-31,,4.711733369712084,
2023-03-31,,4.717262792913817,
2023-06-30,,3.9690010368749036,
2023-09-30,,2.3689772892836776,
2023-12-31,,2.1342995522361434,
2024-03-31,,3.9987345895730266,
2024-06-30,,2.8829080383875048,
2024-09-30,,2.349439128523811,
2024-12-31,,2.7195608410800363,
2025-03-31,,3.2750325162745795,
2025-06-30,,2.597728983151256,
2025-09-30,,2.8762082199712546,
2025-12-31,,2.659124196856526,
2026-03-31,4.350470578630879,4.42172996469878,
2026-06-30,3.2879129077020295,3.5683426052041303,3.5683426052041303
2026-09-30,2.528238250327657,,2.7589643284182235
2026-12-31,2.1952195152369174,,2.5330195305531165
2027-03-31,1.9937226798530363,,2.308847968745651
2027-06-30,1.8689921980909097,,2.1206753716336073
2027-09-30,1.7818964627049103,,2.00198816391177
2027-12-31,1.7296227987008927,,1.9145976509649232
2028-03-31,1.6771625269690054,,1.8540868731967814
2028-06-30,1.6528310385696356,,1.797786653530054
2028-09-30,1.6377714851529541,,1.7827779124052103
2028-12-31,1.6453562470009346,,1.765569844350432
2029-03-31,1.670889010584049,,1.7784804233362894
2029-06-30,1.6813113342985695,,1.7750931670943004
2029-09-30,1.7022328610636688,,1.7986348131072756
2029-12-31,1.7214610894180413,,1.8115354309692633
2030-03-31,1.7529730520736961,,1.8373655790927834
