dates,90.0%_lb,90.0%_ub,80.0%_lb,80.0%_ub,70.0%_lb,70.0%_ub,68.0%_lb,68.0%_ub,60.0%_lb,60.0%_ub,50.0%_lb,50.0%_ub,mean_history,mean_forecast
2021-03-31,1.868721066481438,1.8687212212503246,1.8687210944655863,1.8687211947663318,1.8687211090446576,1.8687211801010628,1.868721111286642,1.868721177963506,1.8687211190796749,1.8687211709136342,1.868721126150108,1.8687211641582158,1.8687211446339003,
2021-06-30,3.5117792572609607,3.511779447005492,3.511779291767647,3.5117794139363667,3.5117793097765304,3.5117793953563625,3.511779312072294,3.5117793925509844,3.5117793220083238,3.511779384087421,3.5117793302969824,3.5117793759449567,3.511779352571851,
2021-09-30,3.9658924743897206,3.965892651873726,3.965892506850155,3.965892621773226,3.9658925241896847,3.9658926037301923,3.9658925269577594,3.965892600883847,3.965892534810256,3.9658925926963517,3.965892542340943,3.965892585228592,3.965892563581776,
2021-12-31,4.848157843272594,4.848158011780401,4.848157873180581,4.8481579820897736,4.848157889069804,4.848157965972066,4.848157891382043,4.848157963483768,4.848157899557415,4.848157955179877,4.848157906336525,4.848157948007148,4.848157927213883,
2022-03-31,5.518334939569591,5.518335106766914,5.518334970014838,5.518335076084857,5.518334984805229,5.518335060774726,5.518334987262241,5.518335058303037,5.518334994729934,5.518335049930023,5.51833500158081,5.518335042675115,5.518335022384625,
2022-06-30,5.280931018312129,5.280931187190041,5.280931047879434,5.280931156030055,5.280931063605898,5.280931140813672,5.2809310660998365,5.280931138052725,5.28093107365617,5.28093112997261,5.2809310806513965,5.2809311226488465,5.2809311017653435,
2022-09-30,5.359836794959905,5.359836971396792,5.359836826007602,5.359836938973084,5.359836842381016,5.359836922638639,5.3598368451188705,5.359836920201744,5.359836852893052,5.359836912118632,5.359836860426714,5.359836904429649,5.359836882347041,
2022-12-31,5.210664937981191,5.210665122422875,5.210664971164736,5.210665088882327,5.210664988012481,5.2106650718901415,5.210664990692293,5.210665068869513,5.2106649989811515,5.210665061012398,5.210665006769855,5.210665053054697,5.210665029717984,
2023-03-31,4.8580294794358325,4.858029673227704,4.858029514564932,4.858029638209649,4.85802953237604,4.858029620915749,4.858029535043729,4.858029618090076,4.858029544374798,4.8580296093993836,4.85802955251784,4.858029601035074,4.858029576446024,
2023-06-30,4.6346499281147535,4.63465012801636,4.634649964214477,4.634650091741821,4.634649982572414,4.634650074102575,4.634649985467365,4.634650071423341,4.634649994823703,4.634650062447077,4.634650003564222,4.6346500536433854,4.6346500281224605,
2023-09-30,3.9373084342768205,3.9373086370035004,3.9373084709210415,3.937308601008338,3.9373084898197908,3.9373085833153354,3.9373084927428526,3.937308580439125,3.9373085021294107,3.9373085714744294,3.9373085111386708,3.937308562359987,3.9373085362642,
2023-12-31,3.2917255426005543,3.291725748079344,3.2917255797949796,3.2917257117771825,3.29172559872557,3.291725693873504,3.291725601595341,3.291725691157943,3.291725611523999,3.2917256821290986,3.291725620374253,3.29172567261391,3.291725646079582,
2024-03-31,3.114081104094213,3.114081312006989,3.1140811425660386,3.1140812761702996,3.114081161757909,3.114081257965484,3.114081164703575,3.1140812552742148,3.11408117441192,3.1140812461532885,3.114081183477313,3.1140812365999526,3.114081209739599,
2024-06-30,2.843729158574715,2.8437293685736,2.843729198038436,2.8437293325129342,2.843729217075275,2.8437293138847464,2.8437292197870168,2.8437293115248785,2.843729229757508,2.8437293022629984,2.8437292390926405,2.843729292717212,2.8437292655657855,
2024-09-30,2.838821614904008,2.838821825069271,2.8388216527294396,2.838821788413015,2.8388216724353876,2.838821770200761,2.8388216750175888,2.8388217672409954,2.8388216853634463,2.8388217581361674,2.8388216949053913,2.8388217486387424,2.838821721305187,
2024-12-31,2.9858306942415647,2.985830902412001,2.985830730882433,2.9858308664319155,2.9858307504408987,2.985830847964732,2.9858307531005712,2.985830845342452,2.9858307632240066,2.9858308362083363,2.985830772970277,2.9858308267965095,2.985830799437823,
2025-03-31,2.8061978751318106,2.8061980804180875,2.8061979117691482,2.8061980456947744,2.8061979307151264,2.8061980272957587,2.80619793351633,2.8061980245783102,2.8061979435669127,2.8061980155502653,2.8061979529595993,2.806198006493532,2.806197979336068,
2025-06-30,2.7348820977836974,2.7348823008154666,2.7348821341932172,2.7348822666867445,2.7348821528322853,2.734882247939452,2.7348821557025005,2.734882245269521,2.7348821655759137,2.734882236543701,2.7348821748653718,2.734882227628166,2.7348822008882188,
2025-09-30,2.866815953644841,2.8668161536867576,2.8668159897404566,2.866816119942217,2.866816007827655,2.86681610157149,2.8668160106020357,2.866816099027858,2.866816020476226,2.8668160904973705,2.8668160299865297,2.866816081784518,2.8668160553734516,
2025-12-31,2.851681794719796,2.8516819910889613,2.8516818298465862,2.8516819581482666,2.8516818480548434,2.8516819402415905,2.851681850965382,2.8516819377298663,2.851681860508215,2.8516819293259,2.8516818696889157,2.851681920812532,2.851681894780111,
2026-03-31,3.1359999008940598,3.13600009441104,3.1359999350659917,3.1360000615675565,3.1359999534323224,3.1360000440679325,3.135999956069524,3.136000041444964,3.1359999657621707,3.1360000332577576,3.135999974478687,3.136000024743324,3.135999999250101,
2026-06-30,3.3790657506588273,3.3790659421401026,3.3790657846420213,3.3790659086106345,3.379065803012571,3.3790658915969773,3.3790658055203426,3.379065889075128,3.3790658148541874,3.379065881005472,3.3790658234135407,3.379065872585141,3.3790658477160354,3.3790658477160354
2026-09-30,3.1395206005432996,3.5625617500719686,3.1854333166676962,3.5137140253345356,3.2171537612609713,3.4815069980412394,3.2226405800094504,3.4760690899434454,3.242201954878321,3.456308789909568,3.263734942728469,3.4342303294298215,,3.349357688275376
2026-12-31,2.7393596379608143,3.893639807703342,2.8690831505911785,3.7617678672227095,2.951901936939061,3.6761067048073803,2.967117266740704,3.66220181128174,3.0164889752201995,3.608330969232676,3.075463309178228,3.546437253942236,,3.3122074471169953
2027-03-31,1.8057366661142549,3.7701585945609573,2.020357942617035,3.5493048681570105,2.1609700172860347,3.3963867824601035,2.189522996616189,3.3712375467651157,2.28889234121743,3.2770199594697624,2.384993631582022,3.17826175992475,,2.7821358067766986
2027-06-30,1.058208672690042,3.850688812532299,1.364296519452357,3.5126979095220667,1.572378790519613,3.286333105157202,1.6120014497850388,3.251125242081576,1.7383789213083478,3.119902789415585,1.8687086147232135,2.985051570320718,,2.426730495494039
2027-09-30,0.5187868115380745,4.007409314306698,0.9180372621060418,3.586726555362918,1.160728560392088,3.307165193124928,1.2015356937169042,3.262924491195629,1.3655512580512674,3.095039583182224,1.5384986646836296,2.92013452855997,,2.2371500921651526
2027-12-31,0.20360455619941042,3.9896095826709166,0.6239956695817561,3.5408067502256557,0.9050475723959561,3.2474953256409034,0.9563060560783265,3.1970354615116436,1.1226448709234393,3.0115661773277846,1.3173701049366437,2.8244586378859404,,2.0825659895864264
2028-03-31,-0.012349821200441369,3.9560535283618803,0.4283021048903102,3.483650568669816,0.7339384216223488,3.1846837926061022,0.7810072682360003,3.1336170704271415,0.9679443276297217,2.9519793498881786,1.1696574315434694,2.7592323813126596,,1.9688849018479306
2028-06-30,-0.14197347156112983,3.92160240640127,0.3358558994153382,3.439890380113919,0.6304348661668957,3.1297817741896328,0.6926153045412775,3.0820803280294573,0.87161576395276,2.9038750266594526,1.0757308601401006,2.7129093698736284,,1.888145488465189
2028-09-30,-0.21406911805208484,3.8853256546589554,0.2542223968826862,3.4193084180729416,0.5775369774627226,3.1110338382303038,0.620799464346522,3.0573616184027763,0.8022572460818944,2.8648068752415323,1.001314551115895,2.6557525970131612,,1.8333600106357142
2028-12-31,-0.2904056490079965,3.884701089666187,0.18182481006685514,3.412599202824884,0.5094336575269143,3.1030328598121715,0.5625832954475829,3.0454633759841476,0.7476459211942732,2.838706624334275,0.9686802897563629,2.620268581038676,,1.7960789255064529
2029-03-31,-0.3250479872570766,3.8868286665717733,0.1451509503137327,3.412324466522465,0.4621218055668619,3.100440306962593,0.5252905020117993,3.0496789274157665,0.7240580991863421,2.8417890119537548,0.9350728369611261,2.6246468265350265,,1.7771415058297664
2029-06-30,-0.34738898242118177,3.897910859770959,0.10993350250301237,3.4486623894843804,0.44010088910000356,3.1085373205573363,0.4895886511884662,3.0519198081379484,0.6949817776389366,2.8511720485160374,0.9053520315237984,2.637722604314874,,1.7714523366361803
2029-09-30,-0.35148305547195724,3.9582058601702164,0.09996115687473939,3.473367228292501,0.4095564165618848,3.131683976712929,0.47554715630893085,3.081778209377606,0.6684240372354155,2.8840373246722617,0.8890797172792286,2.641583708852413,,1.775430385104088
2029-12-31,-0.3721570252934514,3.9964257366333467,0.10612765614885777,3.5019823288668928,0.4220832817164677,3.169134189292566,0.4747901403157728,3.112989789153686,0.6782936678930263,2.8947833850866855,0.9026916211316571,2.6711668404812317,,1.7869363997496084
2030-03-31,-0.40908889424052797,4.048807130429077,0.10305863786606029,3.5268224912769597,0.4143538590637208,3.178591022708832,0.4817919407475557,3.1251469363743345,0.6875363308715521,2.907993417109589,0.9061600672425341,2.687159085434687,,1.8016834555392256
