date,GDP,CNP16OV,GDPDEF,AWHNONAG,CE16OV,COMPNFB,PCEPILFE,DFF,PCE,FPI,BAA,BAMLC8A0C15PYEY,GS10,GDI
1959-Q1,510.33,114714.33333333333,15.224,,63939.666666666664,6.366,15.515,2.577,309.4666666666667,79.29,4.87,,3.9899999999999998,510.145
1959-Q2,522.653,115139.0,15.248,,64772.0,6.42,15.597999999999999,3.07967032967033,315.5,82.093,4.953333333333333,,4.256666666666667,524.882
1959-Q3,525.034,115550.66666666667,15.307,,64875.0,6.457,15.702333333333334,3.573369565217391,320.73333333333335,83.222,5.116666666666666,,4.503333333333333,522.572
1959-Q4,528.6,115918.0,15.367,,64927.333333333336,6.519,15.792333333333334,3.9918478260869565,322.8666666666666,82.404,5.273333333333333,,4.583333333333333,528.21
1960-Q1,542.648,116707.66666666667,15.428,,65213.333333333336,6.658,15.842333333333334,3.931318681318681,326.3666666666667,85.276,5.31,,4.486666666666667,542.125
1960-Q2,541.08,117036.66666666667,15.467,,66061.33333333333,6.702,15.902333333333333,3.6950549450549453,332.2,83.872,5.246666666666667,,4.260000000000001,543.396
1960-Q3,545.604,117411.0,15.52,,66023.66666666667,6.741,15.964666666666666,2.9375,332.1333333333333,82.057,5.103333333333333,,3.8333333333333335,545.291
1960-Q4,540.197,117824.33333333333,15.566,,65839.66666666667,6.769,16.017,2.296195652173913,334.0333333333333,81.775,5.096666666666667,,3.8866666666666667,543.938
1961-Q1,545.018,118254.33333333333,15.6,,65738.0,6.829,16.04433333333333,1.9875555555555555,334.5333333333333,80.926,5.0633333333333335,,3.7866666666666666,546.222
1961-Q2,555.545,118636.0,15.636,,65605.33333333333,6.925,16.096999999999998,1.7335164835164836,339.46666666666664,82.316,5.016666666666667,,3.7899999999999996,556.721
1961-Q3,567.664,119000.66666666667,15.676,,65667.0,6.977,16.166999999999998,1.6793478260869565,342.3666666666666,84.261,5.1066666666666665,,3.98,567.148
1961-Q4,580.612,119189.66666666667,15.725,,65966.66666666667,7.028,16.20566666666667,2.3967391304347827,349.59999999999997,86.935,5.113333333333333,,3.973333333333333,582.407
1962-Q1,594.013,119378.66666666667,15.806,,66379.66666666667,7.14,16.265666666666664,2.4583333333333335,354.8666666666666,88.666,5.0633333333333335,,4.016666666666667,592.505
1962-Q2,600.366,119819.33333333333,15.832,,66576.66666666667,7.188,16.328333333333333,2.607142857142857,360.4666666666667,91.262,5.013333333333333,,3.8733333333333335,600.073
1962-Q3,609.027,120368.0,15.865,,66881.0,7.239,16.382,2.845108695652174,364.3666666666666,91.972,5.046666666666667,,3.9899999999999998,607.427
1962-Q4,612.28,121045.66666666667,15.898,,66969.33333333333,7.304,16.412666666666667,2.924021739130435,370.59999999999997,91.604,4.956666666666667,,3.9033333333333338,615.802
1963-Q1,621.672,121640.0,15.967,,67149.0,7.377,16.467,2.965666666666667,374.26666666666665,92.821,4.8933333333333335,,3.893333333333333,623.85
1963-Q2,629.752,122166.66666666667,15.995,,67635.33333333333,7.414,16.529333333333334,2.9645054945054943,378.43333333333334,96.814,4.853333333333333,,3.9633333333333334,634.043
1963-Q3,644.444,122669.66666666667,16.016,,67995.66666666667,7.49,16.593,3.326521739130435,385.40000000000003,98.896,4.836666666666667,,4.033333333333333,643.45
1963-Q4,653.938,123188.66666666667,16.146,,68258.0,7.576,16.673000000000002,3.451304347826087,390.0333333333333,102.125,4.84,,4.12,654.309
1964-Q1,669.822,123708.0,16.197,38.4,68613.66666666667,7.552,16.743666666666666,3.4643956043956043,399.59999999999997,105.35,4.83,,4.18,667.299
1964-Q2,678.674,124203.0,16.234,38.6,69401.66666666667,7.636,16.793333333333333,3.4879120879120875,407.5333333333333,106.062,4.85,,4.2,678.727
1964-Q3,692.031,124739.33333333333,16.299,38.53333333333333,69480.0,7.737,16.84,3.4565217391304346,416.40000000000003,107.939,4.823333333333333,,4.193333333333334,691.1
1964-Q4,697.319,125289.0,16.373,38.6,69710.33333333333,7.793,16.883,3.5751086956521743,419.0,109.968,4.81,,4.173333333333333,700.907
1965-Q1,717.79,125814.0,16.455,38.7,70187.66666666667,7.826,16.94666666666667,3.977222222222222,429.7,114.998,4.786666666666666,,4.203333333333333,720.152
1965-Q2,730.191,126324.66666666667,16.531,38.699999999999996,70897.33333333333,7.878,16.999333333333336,4.0794505494505495,436.6333333333334,118.484,4.819999999999999,,4.206666666666667,732.681
1965-Q3,749.323,126745.0,16.595,38.56666666666667,71369.33333333333,7.962,17.052000000000003,4.0775,445.8,121.945,4.89,,4.246666666666667,745.903
1965-Q4,771.857,127169.33333333333,16.709,38.56666666666667,71827.0,8.08,17.108666666666668,4.170760869565217,459.76666666666665,126.168,4.966666666666666,,4.473333333333334,767.46
1966-Q1,795.734,127511.33333333333,16.816,38.666666666666664,72173.33333333333,8.221,17.194333333333333,4.559,470.1333333333334,130.328,5.166666666666667,,4.7700000000000005,789.329
1966-Q2,804.981,127868.66666666667,16.954,38.56666666666667,72594.0,8.352,17.334333333333333,4.913736263736263,475.1666666666667,131.185,5.489999999999999,,4.78,801.086
1966-Q3,819.638,128233.66666666667,17.118,38.36666666666667,73088.0,8.472,17.477333333333334,5.410652173913043,484.3333333333333,131.342,5.866666666666667,,5.14,814.396
1966-Q4,833.302,128617.0,17.261,38.300000000000004,73656.66666666667,8.585,17.628333333333334,5.559782608695652,490.06666666666666,129.351,6.136666666666667,,5.003333333333333,828.503
1967-Q1,844.17,129043.66666666667,17.333,38.03333333333333,73572.0,8.701,17.725333333333335,4.819444444444445,494.3333333333333,127.388,5.88,,4.583333333333333,836.797
1967-Q2,848.983,129527.0,17.421,37.8,74001.33333333333,8.841,17.843999999999998,3.9923076923076923,503.43333333333334,131.154,5.98,,4.819999999999999,845.681
1967-Q3,865.233,130165.66666666667,17.588,37.8,74713.66666666667,8.961,18.006,3.8918478260869565,510.7,133.571,6.330000000000001,,5.246666666666667,862.763
1967-Q4,881.439,130757.33333333333,17.784,37.800000000000004,75216.33333333333,9.083,18.18766666666667,4.172826086956522,518.2333333333333,139.22,6.723333333333333,,5.6433333333333335,881.145
1968-Q1,909.387,131267.0,17.981,37.699999999999996,75102.66666666667,9.327,18.395,4.792637362637363,536.2666666666667,143.85,6.829999999999999,,5.609999999999999,904.129
1968-Q2,934.344,131712.33333333334,18.171,37.699999999999996,75950.0,9.478,18.608999999999998,5.984285714285715,550.0333333333333,144.862,7.023333333333333,,5.743333333333333,927.463
1968-Q3,950.825,132250.0,18.349,37.7,76100.66666666667,9.633,18.816999999999997,5.946521739130435,566.1333333333333,148.003,6.863333333333333,,5.46,949.276
1968-Q4,968.03,132880.0,18.608,37.56666666666667,76498.66666666667,9.824,19.036,5.918152173913044,574.9333333333334,154.754,7.026666666666666,,5.7700000000000005,969.185
1969-Q1,993.337,133476.0,18.8,37.6,77166.33333333333,9.958,19.244,6.567444444444445,587.0333333333333,160.899,7.376666666666666,,6.176666666666667,988.736
1969-Q2,1009.02,134020.33333333334,19.039,37.6,77605.0,10.119,19.474333333333334,8.332527472527472,598.3666666666667,163.499,7.586666666666666,,6.353333333333334,1007.398
1969-Q3,1029.956,134595.0,19.307,37.53333333333333,78153.0,10.299,19.698999999999998,8.98108695652174,608.6,167.37,7.916666666666667,,6.8566666666666665,1028.459
1969-Q4,1038.147,135246.66666666666,19.556,37.46666666666667,78575.33333333333,10.497,19.930333333333333,8.941630434782608,620.6,165.787,8.373333333333333,,7.296666666666667,1039.539
1970-Q1,1051.2,135949.66666666666,19.832,37.266666666666666,78780.33333333333,10.686,20.147333333333332,8.55888888888889,631.6666666666666,166.289,8.756666666666666,,7.366666666666667,1047.063
1970-Q2,1067.375,136676.66666666666,20.108,36.96666666666667,78635.66666666667,10.854,20.375333333333334,7.883296703296703,641.5666666666666,166.374,8.976666666666667,,7.713333333333334,1061.858
1970-Q3,1086.059,137456.0,20.273,36.93333333333333,78616.0,11.03,20.602,6.711086956521739,653.5,168.821,9.41,,7.46,1079.478
1970-Q4,1088.608,138260.33333333334,20.541,36.8,78643.0,11.137,20.891333333333332,5.568260869565217,660.1666666666666,170.738,9.276666666666666,,6.853333333333333,1083.461
1971-Q1,1135.156,139033.66666666666,20.853,36.733333333333334,78717.33333333333,11.367,21.156000000000002,3.8627777777777776,679.1666666666666,177.241,8.530000000000001,,6.016666666666667,1121.847
1971-Q2,1156.271,139827.33333333334,21.127,36.766666666666666,78961.0,11.534,21.397333333333332,4.5672527472527475,693.2333333333332,186.455,8.606666666666667,,6.246666666666666,1143.994
1971-Q3,1177.675,140602.66666666666,21.342,36.7,79511.0,11.692,21.599,5.475543478260869,705.6,191.87,8.703333333333333,,6.483333333333333,1165.451
1971-Q4,1190.297,141401.66666666666,21.52,36.833333333333336,80228.66666666667,11.773,21.722333333333335,4.747608695652174,721.6999999999999,198.706,8.413333333333334,,5.89,1190.035
1972-Q1,1230.609,143005.33333333334,21.848,36.86666666666667,81213.33333333333,12.1,21.930666666666667,3.5490109890109887,738.9666666666667,209.741,8.233333333333334,,6.033333333333334,1225.632
1972-Q2,1266.369,143758.66666666666,21.984,36.86666666666667,81875.0,12.242,22.078999999999997,4.301428571428572,757.3666666666667,214.8,8.223333333333334,,6.1433333333333335,1249.073
1972-Q3,1290.566,144522.66666666666,22.194,36.833333333333336,82450.33333333333,12.405,22.245,4.741413043478261,775.7666666666668,219.375,8.17,,6.29,1281.679
1972-Q4,1328.904,145215.0,22.477,36.9,83002.0,12.638,22.384666666666664,5.145543478260869,800.5,232.224,7.993333333333333,,6.373333333333334,1331.426
1973-Q1,1377.49,145964.33333333334,22.736,36.9,83841.66666666667,12.972,22.540666666666667,6.538222222222223,825.0333333333333,243.763,7.966666666666666,,6.603333333333333,1370.82
1973-Q2,1413.887,146719.66666666666,23.086,36.9,84797.33333333333,13.153,22.84766666666667,7.818461538461539,840.5333333333333,249.99,8.093333333333334,,6.8066666666666675,1399.511
1973-Q3,1433.838,147478.33333333334,23.535,36.833333333333336,85330.33333333333,13.38,23.151333333333337,10.55771739130435,858.8666666666667,254.574,8.466666666666667,,7.206666666666667,1431.358
1973-Q4,1476.289,148226.0,24.004,36.76666666666667,86236.0,13.651,23.473666666666663,9.996739130434781,873.9,255.865,8.436666666666667,,6.753333333333334,1475.234
1974-Q1,1491.209,148986.66666666666,24.457,36.6,86709.33333333333,13.96,23.876666666666665,9.333777777777778,891.8666666666667,255.842,8.543333333333333,,7.053333333333334,1491.146
1974-Q2,1530.056,149746.66666666666,25.035,36.5,86833.66666666667,14.323,24.47,11.251318681318681,920.4,259.975,9.063333333333333,,7.543333333333333,1520.365
1974-Q3,1560.026,150498.0,25.769,36.46666666666667,87079.0,14.747,25.16933333333333,12.09858695652174,949.2666666666668,265.434,9.81,,7.963333333333332,1556.456
1974-Q4,1599.679,151253.0,26.527,36.166666666666664,86588.33333333333,15.151,25.784333333333336,9.344347826086956,959.0666666666666,260.893,10.57,,7.669999999999999,1583.154
1975-Q1,1616.116,151987.33333333334,27.13,35.86666666666667,85356.66666666667,15.602,26.288,6.3053333333333335,985.1999999999999,254.335,10.646666666666667,,7.54,1600.724
1975-Q2,1651.853,152707.66666666666,27.533,35.86666666666667,85331.66666666667,15.933,26.688666666666666,5.418461538461538,1013.5666666666666,257.235,10.63,,8.05,1637.971
1975-Q3,1709.82,153579.0,28.019,36.03333333333333,86135.66666666667,16.215,27.089,6.155869565217392,1047.2,266.579,10.583333333333334,,8.296666666666667,1700.816
1975-Q4,1761.831,154336.33333333334,28.488,36.13333333333333,86497.0,16.481,27.530333333333335,5.411195652173913,1076.2666666666667,275.888,10.58,,8.063333333333334,1746.705
1976-Q1,1820.487,155075.0,28.789,36.23333333333333,87685.66666666667,16.798,27.948666666666668,4.826483516483516,1109.8999999999999,289.945,10.256666666666666,,7.753333333333334,1801.802
1976-Q2,1852.332,155773.66666666666,29.079,36.1,88591.0,17.113,28.284000000000002,5.195384615384616,1129.5333333333335,299.855,9.896666666666667,,7.773333333333333,1831.4
1976-Q3,1886.558,156526.66666666666,29.455,36.06666666666667,89163.0,17.472,28.727,5.283478260869565,1158.8,307.501,9.62,,7.7299999999999995,1869.193
1976-Q4,1934.273,157222.0,29.983,35.9,89570.33333333333,17.844,29.176666666666666,4.874239130434782,1192.4333333333334,327.132,9.213333333333333,,7.19,1908.639
1977-Q1,1988.648,157910.66666666666,30.465,35.833333333333336,90359.33333333333,18.182,29.667666666666666,4.660666666666667,1228.2,345.491,9.106666666666667,,7.353333333333333,1960.906
1977-Q2,2055.909,158652.33333333334,30.895,36.0,91661.33333333333,18.554,30.121,5.157472527472527,1256.0,370.233,8.996666666666668,,7.37,2035.208
1977-Q3,2118.473,159429.66666666666,31.271,35.86666666666667,92409.0,18.914,30.622,5.816413043478261,1286.8999999999999,383.251,8.83,,7.3566666666666665,2097.868
1977-Q4,2164.27,160140.33333333334,31.947,35.9,93639.33333333333,19.241,31.066999999999997,6.511304347826086,1324.8,398.179,8.943333333333333,,7.596666666666667,2155.534
1978-Q1,2202.76,160828.66666666666,32.411,35.56666666666666,94552.66666666667,19.752,31.551666666666666,6.759555555555556,1354.0333333333333,409.346,9.196666666666667,,8.01,2199.97
1978-Q2,2331.633,161525.33333333334,33.031,35.833333333333336,95835.33333333333,20.09,32.096,7.282637362637363,1411.3999999999999,446.328,9.47,,8.32,2309.587
1978-Q3,2395.053,162265.0,33.592,35.800000000000004,96397.0,20.473,32.64666666666667,8.094782608695652,1442.2333333333333,467.401,9.5,,8.49,2365.857
1978-Q4,2476.949,163024.0,34.279,35.733333333333334,97399.66666666667,20.983,33.23266666666667,9.577826086956522,1481.3333333333333,487.269,9.786666666666667,,8.82,2437.684
1979-Q1,2526.61,163756.33333333334,34.904,35.699999999999996,98252.33333333333,21.521,33.68666666666667,10.073222222222222,1517.1333333333332,501.957,10.156666666666666,,9.106666666666667,2501.832
1979-Q2,2591.247,164447.33333333334,35.759,35.5,98371.0,22.014,34.42733333333334,10.181978021978022,1557.6333333333332,511.892,10.393333333333333,,9.113333333333333,2550.227
1979-Q3,2667.565,165199.66666666666,36.541,35.6,99040.66666666667,22.503,35.062666666666665,10.940108695652174,1611.8666666666668,533.49,10.393333333333333,,9.103333333333333,2609.135
1979-Q4,2723.883,166054.66666666666,37.219,35.6,99637.0,23.07,35.794000000000004,13.580217391304348,1655.0666666666666,539.323,11.816666666666668,,10.446666666666667,2668.123
1980-Q1,2789.842,166762.33333333334,38.001,35.36666666666667,99862.33333333333,23.716,36.669666666666664,15.065274725274726,1702.3,544.663,13.479999999999999,,11.986666666666666,2722.05
1980-Q2,2797.352,167415.66666666666,38.905,35.1,98953.33333333333,24.356,37.49,12.6689010989011,1704.7,511.544,13.356666666666667,,10.476666666666667,2741.686
1980-Q3,2856.483,168110.66666666666,39.774,35.03333333333333,98899.0,24.973,38.324666666666666,9.823152173913044,1763.8,528.927,13.166666666666666,,10.953333333333333,2823.75
1980-Q4,2985.557,168693.66666666666,40.81,35.266666666666666,99498.66666666667,25.637,39.25833333333333,15.852826086956522,1831.8666666666668,560.59,14.670000000000002,,12.423333333333332,2964.663
1981-Q1,3124.206,169279.0,41.885,35.300000000000004,100239.0,26.281,40.129333333333335,16.595555555555556,1885.7,580.626,15.246666666666664,,12.959999999999999,3064.9
1981-Q2,3162.532,169837.33333333334,42.715,35.266666666666666,100800.66666666667,26.736,40.88766666666667,17.786923076923078,1917.5666666666666,598.129,15.770000000000001,,13.75,3127.116
1981-Q3,3260.609,170412.66666666666,43.519,35.13333333333333,100482.0,27.33,41.64066666666667,17.594347826086956,1958.0666666666666,608.337,16.47666666666667,,14.846666666666666,3231.849
1981-Q4,3280.818,170990.33333333334,44.271,35.0,100076.66666666667,27.778,42.38133333333334,13.588369565217393,1974.4333333333334,618.589,16.683333333333334,,14.086666666666668,3253.483
1982-Q1,3274.302,171497.0,44.88,34.699999999999996,99708.66666666667,28.506,43.001666666666665,14.207444444444445,2014.1333333333332,609.784,17.033333333333335,,14.293333333333331,3272.128
1982-Q2,3331.972,172020.0,45.463,34.8,99745.0,28.727,43.583333333333336,14.514175824175824,2039.6333333333332,597.786,16.78,,13.93,3326.727
1982-Q3,3366.322,172521.66666666666,46.108,34.766666666666666,99543.33333333333,29.175,44.282000000000004,11.012717391304347,2085.633333333333,587.157,16.25,,13.116666666666667,3360.833
1982-Q4,3402.561,173046.0,46.586,34.63333333333333,99119.66666666667,29.603,44.898666666666664,9.283913043478261,2145.566666666667,589.062,14.39,,10.666666666666666,3380.87
1983-Q1,3473.413,173505.0,46.938,34.699999999999996,99143.0,29.904,45.48833333333334,8.657555555555556,2184.6,600.58,13.833333333333334,,10.563333333333334,3442.826
1983-Q2,3578.848,173957.33333333334,47.286,34.86666666666667,99945.0,30.193,45.83633333333333,8.802747252747253,2249.4333333333334,621.454,13.25,,10.543333333333335,3526.639
1983-Q3,3689.179,174449.33333333334,47.789,34.93333333333333,101610.66666666667,30.357,46.532999999999994,9.458152173913044,2319.9,656.472,13.526666666666666,,11.626666666666667,3613.588
1983-Q4,3794.706,174950.33333333334,48.151,35.13333333333333,102588.0,30.705,46.90533333333334,9.430108695652175,2372.5,694.564,13.606666666666667,,11.686666666666667,3725.69
1984-Q1,3908.054,175678.66666666666,48.639,35.166666666666664,103664.0,31.058,47.379,9.688571428571429,2418.1666666666665,717.89,13.743333333333334,,11.943333333333333,3866.136
1984-Q2,4009.601,176125.33333333334,49.055,35.13333333333333,105040.0,31.385,47.93366666666666,10.554725274725275,2475.866666666667,749.573,14.700000000000001,,13.200000000000001,3962.847
1984-Q3,4084.25,176595.33333333334,49.491,35.06666666666667,105362.66666666667,31.843,48.38366666666667,11.392282608695652,2513.5333333333333,767.514,14.71,,12.866666666666667,4040.395
1984-Q4,4148.551,177132.33333333334,49.861,35.0,105944.33333333333,32.099,48.728,9.2625,2561.766666666667,783.762,13.606666666666667,,11.743333333333334,4115.393
1985-Q1,4230.168,177522.33333333334,50.354,34.86666666666667,106615.33333333333,32.505,49.39266666666666,8.475111111111111,2636.0333333333333,793.636,13.393333333333333,,11.583333333333334,4191.02
1985-Q2,4294.887,177946.33333333334,50.678,34.9,106791.0,32.813,49.821,7.924395604395604,2681.766666666667,805.394,13.020000000000001,,10.813333333333333,4248.348
1985-Q3,4386.773,178413.33333333334,50.984,34.8,107186.33333333333,33.298,50.33266666666666,7.900978260869565,2754.1666666666665,805.854,12.469999999999999,,10.336666666666666,4325.809
1985-Q4,4444.094,178940.66666666666,51.269,34.833333333333336,108023.33333333333,33.927,50.693666666666665,8.104456521739131,2779.4,826.426,11.976666666666667,,9.76,4374.446
1986-Q1,4507.894,179825.33333333334,51.524,34.833333333333336,108734.66666666667,34.411,51.24100000000001,7.826888888888888,2823.633333333333,833.06,11.016666666666666,,8.556666666666667,4439.594
1986-Q2,4545.34,180320.66666666666,51.719,34.63333333333333,109205.66666666667,34.809,51.59233333333333,6.918461538461539,2851.4666666666667,839.574,10.273333333333333,,7.603333333333333,4468.777
1986-Q3,4607.669,180835.66666666666,51.931,34.63333333333333,109970.0,35.244,51.946666666666665,6.20945652173913,2917.2000000000003,842.851,10.18,,7.3066666666666675,4515.237
1986-Q4,4657.627,181365.33333333334,52.214,34.63333333333333,110492.0,35.716,52.36966666666667,6.266739130434782,2952.7999999999997,854.822,10.093333333333334,,7.263333333333333,4575.53
1987-Q1,4722.156,182001.33333333334,52.548,34.766666666666666,111206.0,35.873,52.70133333333334,6.222555555555555,2983.5,843.222,9.66,,7.1933333333333325,4652.468
1987-Q2,4806.16,182526.66666666666,52.912,34.733333333333334,112158.0,36.135,53.213,6.6499999999999995,3053.3333333333335,858.064,10.356666666666667,,8.343333333333334,4759.392
1987-Q3,4884.555,183016.0,53.313,34.733333333333334,112866.66666666667,36.504,53.689666666666675,6.839565217391304,3117.3333333333335,875.449,10.906666666666666,,8.876666666666667,4865.151
1987-Q4,5007.994,183467.0,53.738,34.73333333333333,113526.66666666667,36.938,54.23533333333333,6.919673913043479,3150.933333333333,883.376,11.38,,9.123333333333333,4969.432
1988-Q1,5073.372,183967.33333333334,54.159,34.6,114093.33333333333,37.582,54.75866666666667,6.665934065934066,3231.866666666667,891.613,10.753333333333332,,8.416666666666666,5068.209
1988-Q2,5190.036,184389.33333333334,54.686,34.6,114623.0,38.036,55.422333333333334,7.154945054945055,3291.7000000000003,914.877,10.979999999999999,,8.91,5176.433
1988-Q3,5282.835,184840.33333333334,55.34,34.53333333333333,115232.66666666667,38.506,56.06066666666667,7.983478260869566,3361.9,923.828,11.073333333333332,,9.1,5285.539
1988-Q4,5399.509,185253.33333333334,55.818,34.6,115947.33333333333,38.796,56.687000000000005,8.468478260869565,3434.533333333333,943.605,10.513333333333334,,8.956666666666667,5404.274
1989-Q1,5511.253,185772.66666666666,56.4,34.56666666666667,116835.33333333333,38.904,57.30566666666667,9.446444444444444,3490.1666666666665,957.35,10.643333333333333,,9.206666666666665,5493.904
1989-Q2,5612.463,186178.0,57.001,34.46666666666667,117204.66666666667,39.064,57.827,9.725714285714286,3553.7999999999997,964.79,10.366666666666667,,8.773333333333333,5542.536
1989-Q3,5695.365,186602.33333333334,57.417,34.46666666666667,117493.66666666667,39.414,58.25733333333333,9.083586956521739,3609.4,986.635,9.886666666666667,,8.106666666666667,5606.205
1989-Q4,5747.237,187017.66666666666,57.826,34.43333333333333,117774.33333333333,39.98,58.790666666666674,8.61445652173913,3653.7000000000003,979.257,9.813333333333334,,7.906666666666666,5652.361
1990-Q1,5872.701,188519.66666666666,58.45,34.43333333333333,119114.33333333333,40.74,59.467666666666666,8.248000000000001,3737.933333333333,996.884,10.096666666666666,,8.423333333333334,5767.833
1990-Q2,5960.028,188916.33333333334,59.105,34.300000000000004,118995.33333333333,41.531,60.132000000000005,8.239340659340659,3783.433333333333,981.02,10.31,,8.676666666666668,5864.899
1990-Q3,6015.116,189352.66666666666,59.611,34.233333333333334,118712.0,42.083,60.739666666666665,8.160217391304348,3846.7000000000003,978.919,10.416666666666666,,8.703333333333333,5910.988
1990-Q4,6004.733,189866.33333333334,60.055,34.166666666666664,118361.0,42.4,61.24966666666666,7.7433695652173915,3867.933333333333,958.787,10.596666666666666,,8.396666666666667,5927.434
1991-Q1,6035.178,190271.66666666666,60.643,34.1,117782.33333333333,42.646,61.79333333333333,6.430444444444444,3873.566666666667,940.088,10.203333333333333,,8.016666666666666,5973.071
1991-Q2,6126.862,190655.66666666666,61.088,34.06666666666667,117729.33333333333,43.464,62.269666666666666,5.864065934065934,3926.933333333333,944.575,9.92,,8.13,6034.491
1991-Q3,6205.937,191121.33333333334,61.566,34.1,117660.0,43.985,62.83033333333333,5.645217391304348,3973.2666666666664,946.633,9.683333333333334,,7.94,6098.185
1991-Q4,6264.54,191650.66666666666,61.931,34.1,117678.66666666667,44.573,63.324666666666666,4.818478260869566,4000.0333333333333,947.655,9.4,,7.346666666666667,6155.919
1992-Q1,6363.102,192074.66666666666,62.161,34.1,117958.33333333333,45.734,63.809333333333335,4.024285714285714,4100.400000000001,956.571,9.203333333333333,,7.303333333333334,6284.7
1992-Q2,6470.763,192506.66666666666,62.535,34.266666666666666,118406.66666666667,46.151,64.25966666666666,3.774065934065934,4155.666666666667,989.875,9.13,,7.376666666666666,6375.336
1992-Q3,6566.641,193024.33333333334,62.841,34.233333333333334,118753.0,46.683,64.64033333333333,3.259239130434783,4227.0,1003.65,8.703333333333333,,6.616666666666667,6427.0
1992-Q4,6680.803,193615.66666666666,63.273,34.2,118833.66666666667,46.927,65.11399999999999,3.034891304347826,4307.2,1036.618,8.87,,6.743333333333333,6532.228
1993-Q1,6729.459,194106.0,63.628,34.23333333333333,119297.33333333333,46.588,65.563,3.0423333333333336,4349.5,1047.889,8.403333333333334,,6.28,6546.005
1993-Q2,6808.939,194555.33333333334,64.007,34.333333333333336,119959.66666666667,46.931,66.06066666666668,2.9972527472527473,4418.599999999999,1070.375,8.14,,5.989999999999999,6664.264
1993-Q3,6882.098,195068.0,64.387,34.36666666666667,120625.66666666667,46.955,66.42999999999999,3.057717391304348,4487.166666666667,1089.254,7.623333333333332,,5.616666666666667,6717.134
1993-Q4,7013.738,195621.0,64.738,34.43333333333333,121152.0,47.292,66.77166666666666,2.9882608695652175,4552.666666666667,1136.53,7.553333333333334,,5.6066666666666665,6885.13
1994-Q1,7115.652,196085.33333333334,65.048,34.36666666666667,121994.0,47.019,67.07466666666666,3.209333333333334,4621.233333333334,1156.312,7.846666666666667,,6.066666666666666,6956.227
1994-Q2,7246.931,196522.0,65.362,34.5,122596.0,47.414,67.526,3.938021978021978,4683.166666666667,1183.538,8.596666666666666,,7.083333333333333,7098.217
1994-Q3,7331.075,197050.0,65.737,34.53333333333333,123245.0,47.399,67.903,4.485434782608695,4752.733333333334,1198.526,8.840000000000002,,7.333333333333333,7205.842
1994-Q4,7455.288,197600.66666666666,66.093,34.5,124449.66666666667,47.772,68.248,5.167934782608696,4826.7,1232.424,9.206666666666665,,7.836666666666666,7331.661
1995-Q1,7522.289,197882.0,66.452,34.43333333333333,124848.66666666667,48.049,68.60566666666666,5.802777777777778,4862.466666666666,1266.407,8.876666666666667,,7.483333333333333,7401.941
1995-Q2,7580.997,198295.66666666666,66.771,34.233333333333334,124629.33333333333,48.446,69.01299999999999,6.019120879120879,4933.599999999999,1270.229,8.233333333333333,,6.62,7480.96
1995-Q3,7683.125,198807.0,67.1,34.3,124933.66666666667,48.708,69.342,5.797173913043479,4998.666666666667,1291.922,8.053333333333333,,6.323333333333333,7610.482
1995-Q4,7772.586,199351.66666666666,67.423,34.233333333333334,125221.33333333333,49.103,69.68966666666667,5.719456521739131,5055.666666666667,1316.705,7.640000000000001,,5.8933333333333335,7696.985
1996-Q1,7868.468,199776.0,67.747,34.13333333333333,125542.0,49.637,69.96366666666667,5.370989010989011,5130.599999999999,1348.472,7.71,,5.91,7820.26
1996-Q2,8032.84,200279.33333333334,68.028,34.300000000000004,126280.0,50.101,70.29633333333334,5.243956043956044,5220.533333333334,1387.867,8.296666666666667,,6.72,7967.235
1996-Q3,8131.408,200849.66666666666,68.251,34.36666666666667,127218.33333333333,50.487,70.617,5.306195652173913,5274.5,1423.28,8.293333333333333,,6.78,8066.765
1996-Q4,8259.771,201457.33333333334,68.615,34.4,127840.33333333333,50.784,71.01899999999999,5.280869565217392,5352.766666666666,1445.403,7.916666666666667,,6.343333333333334,8210.113
1997-Q1,8362.655,202395.66666666666,69.025,34.4,128495.66666666667,51.358,71.298,5.278444444444444,5433.099999999999,1472.659,8.07,,6.5633333333333335,8349.95
1997-Q2,8518.825,202835.33333333334,69.162,34.46666666666667,129339.66666666667,51.826,71.67,5.522197802197802,5471.233333333334,1501.843,8.186666666666666,,6.696666666666666,8474.827
1997-Q3,8662.823,203366.66666666666,69.464,34.56666666666667,129950.33333333333,52.339,71.83733333333333,5.534673913043478,5579.166666666667,1557.316,7.756666666666667,,6.243333333333333,8648.935
1997-Q4,8765.907,203935.33333333334,69.695,34.56666666666667,130503.66666666667,53.29,72.06466666666667,5.507391304347826,5663.633333333334,1566.877,7.436666666666667,,5.906666666666666,8795.494
1998-Q1,8866.48,204395.0,69.794,34.5,130782.33333333333,54.196,72.277,5.519333333333334,5721.333333333333,1607.224,7.253333333333334,,5.586666666666667,8894.375
1998-Q2,8969.699,204905.0,69.959,34.43333333333333,131259.33333333334,54.876,72.49833333333333,5.497472527472527,5832.566666666667,1658.434,7.253333333333333,,5.596666666666667,9046.494
1998-Q3,9121.097,205482.66666666666,70.255,34.46666666666667,131568.33333333334,55.754,72.75566666666667,5.531630434782609,5926.866666666666,1689.202,7.126666666666666,,5.203333333333333,9210.815
1998-Q4,9293.991,206097.66666666666,70.453,34.46666666666667,132293.66666666666,56.069,72.98766666666667,4.86054347826087,6028.233333333334,1736.947,7.25,,4.670000000000001,9325.159
1999-Q1,9411.682,206876.0,70.682,34.4,132943.33333333334,57.066,73.17066666666666,4.734555555555556,6102.033333333333,1769.668,7.403333333333333,,4.983333333333333,9486.042
1999-Q2,9526.21,207431.66666666666,70.949,34.36666666666667,133214.66666666666,57.303,73.42466666666667,4.747692307692308,6230.633333333334,1813.23,7.739999999999999,,5.54,9567.858
1999-Q3,9686.626,208043.66666666666,71.2,34.36666666666667,133570.66666666666,57.801,73.695,5.09554347826087,6335.333333333333,1853.219,8.1,,5.883333333333333,9695.871
1999-Q4,9900.169,208660.33333333334,71.595,34.4,134275.0,58.97,74.04166666666667,5.304021739130435,6467.033333333333,1868.855,8.24,,6.140000000000001,9892.178
2000-Q1,10002.179,211586.0,72.071,34.4,136619.33333333334,61.041,74.42966666666666,5.677692307692308,6618.233333333334,1934.493,8.33,,6.4799999999999995,10156.063
2000-Q2,10247.72,212242.0,72.52,34.333333333333336,136946.66666666666,61.198,74.68933333333334,6.271978021978022,6711.900000000001,1985.342,8.593333333333334,,6.176666666666667,10287.356
2000-Q3,10318.165,212918.66666666666,72.944,34.266666666666666,136695.33333333334,62.378,75.04966666666667,6.51945652173913,6819.966666666667,2002.736,8.32,,5.8933333333333335,10442.351
2000-Q4,10435.744,213560.33333333334,73.337,34.13333333333333,137341.33333333334,62.747,75.42133333333334,6.4748913043478264,6918.599999999999,2012.884,8.213333333333333,,5.566666666666666,10501.081
2001-Q1,10470.231,214101.0,73.822,34.1,137724.33333333334,64.139,75.91166666666668,5.597,6995.3,2001.963,7.88,,5.05,10679.421
2001-Q2,10599.0,214735.66666666666,74.266,34.0,137088.0,64.409,76.19866666666667,4.326703296703297,7042.233333333334,1984.593,8.036666666666667,,5.27,10732.106
2001-Q3,10598.02,215421.66666666666,74.558,33.9,136719.33333333334,64.47,76.39533333333333,3.5015217391304345,7070.333333333333,1975.026,7.949999999999999,,4.98,10718.673
2001-Q4,10660.465,216111.66666666666,74.792,33.766666666666666,136225.66666666666,65.079,76.764,2.130434782608696,7187.3,1930.92,7.923333333333333,,4.7700000000000005,10664.415
2002-Q1,10783.5,216664.0,75.027,33.800000000000004,136105.33333333334,65.354,76.99966666666667,1.732888888888889,7217.733333333334,1912.366,7.956666666666666,,5.076666666666667,10826.772
2002-Q2,10887.46,217203.66666666666,75.289,33.9,136360.0,65.949,77.42333333333333,1.7515384615384615,7307.966666666667,1912.113,8.023333333333333,,5.1000000000000005,10967.337
2002-Q3,10984.04,217867.66666666666,75.65,33.86666666666667,136806.66666666666,66.285,77.83633333333333,1.7408695652173913,7397.133333333334,1907.764,7.626666666666668,,4.260000000000001,11051.742
2002-Q4,11061.433,218543.0,76.089,33.8,136651.66666666666,66.433,78.113,1.4442391304347826,7472.966666666667,1909.528,7.6000000000000005,,4.006666666666667,11197.272
2003-Q1,11174.129,220109.33333333334,76.461,33.666666666666664,137444.33333333334,66.831,78.354,1.2496666666666667,7567.133333333334,1934.14,7.12,,3.92,11245.795
2003-Q2,11312.766,220774.0,76.73,33.63333333333333,137655.66666666666,68.007,78.65100000000001,1.2467032967032967,7661.466666666667,1978.873,6.473333333333334,,3.6199999999999997,11377.023
2003-Q3,11566.669,221512.66666666666,77.169,33.63333333333333,137544.0,69.013,79.01100000000001,1.0168478260869565,7820.933333333333,2043.866,6.8066666666666675,,4.233333333333333,11565.399
2003-Q4,11772.234,222275.66666666666,77.639,33.699999999999996,138273.0,69.996,79.365,0.9967391304347827,7913.466666666667,2094.966,6.663333333333334,,4.286666666666666,11734.357
2004-Q1,11923.447,222356.0,78.193,33.733333333333334,138489.0,69.851,79.80166666666666,1.001868131868132,8048.766666666666,2108.027,6.273333333333333,,4.0200000000000005,11916.004
2004-Q2,12112.815,222973.33333333334,78.824,33.699999999999996,138902.0,71.183,80.25766666666667,1.0113186813186814,8147.099999999999,2188.618,6.663333333333334,,4.6000000000000005,12148.492
2004-Q3,12305.307,223680.0,79.324,33.733333333333334,139538.66666666666,72.505,80.545,1.4307608695652174,8283.333333333334,2254.106,6.45,,4.303333333333334,12376.076
2004-Q4,12527.214,224418.0,79.939,33.766666666666666,140029.33333333334,72.793,80.98166666666667,1.9498913043478259,8448.666666666666,2317.993,6.186666666666667,,4.173333333333333,12540.611
2005-Q1,12767.286,225038.0,80.578,33.733333333333334,140428.0,73.228,81.55799999999999,2.4690000000000003,8551.733333333334,2383.59,5.966666666666666,,4.296666666666667,12750.057
2005-Q2,12922.656,225674.0,81.158,33.733333333333334,141525.66666666666,73.723,81.962,2.9417582417582415,8701.133333333333,2447.639,5.973333333333334,,4.16,12964.763
2005-Q3,13142.642,226422.33333333334,81.898,33.733333333333334,142287.0,74.696,82.28133333333334,3.46,8868.1,2518.722,5.98,,4.213333333333334,13180.576
2005-Q4,13324.204,227196.0,82.571,33.8,142599.66666666666,75.129,82.83133333333335,3.9782608695652173,8955.266666666668,2558.875,6.336666666666666,,4.489999999999999,13489.392
2006-Q1,13599.16,227763.66666666666,83.156,33.833333333333336,143449.33333333334,76.538,83.31099999999999,4.454111111111112,9100.166666666666,2631.526,6.3066666666666675,,4.57,13795.893
2006-Q2,13753.424,228432.66666666666,83.882,33.833333333333336,144067.66666666666,76.672,83.97466666666666,4.907582417582417,9227.666666666666,2633.739,6.736666666666667,,5.07,13973.084
2006-Q3,13870.188,229166.33333333334,84.468,33.833333333333336,144547.33333333334,76.887,84.427,5.2453260869565215,9353.800000000001,2630.666,6.593333333333334,,4.8966666666666665,14125.037
2006-Q4,14039.56,229896.0,84.77,33.86666666666667,145606.0,78.097,84.79066666666667,5.242934782608696,9427.366666666667,2631.93,6.28,,4.63,14207.487
2007-Q1,14215.651,230839.33333333334,85.576,33.800000000000004,146135.0,79.884,85.37533333333333,5.254555555555556,9572.133333333333,2642.923,6.296666666666667,,4.68,14341.982
2007-Q2,14402.082,231482.0,86.171,33.833333333333336,145850.66666666666,79.829,85.73066666666666,5.252417582417583,9678.733333333332,2656.992,6.493333333333333,,4.846666666666667,14511.372
2007-Q3,14564.117,232210.0,86.642,33.8,145943.66666666666,80.195,86.15166666666666,5.074347826086957,9798.366666666667,2641.047,6.63,,4.7299999999999995,14465.128
2007-Q4,14715.058,232936.66666666666,86.993,33.8,146271.33333333334,81.162,86.74733333333332,4.495652173913044,9937.133333333333,2615.279,6.510000000000001,,4.260000000000001,14529.241
2008-Q1,14706.538,232806.66666666666,87.315,33.733333333333334,146206.66666666666,81.928,87.20666666666666,3.1814285714285715,10004.466666666667,2580.374,6.75,,3.6633333333333336,14574.086
2008-Q2,14865.701,233410.0,87.738,33.7,145925.66666666666,82.058,87.573,2.0847252747252747,10129.9,2562.847,6.989999999999999,,3.8866666666666667,14617.898
2008-Q3,14898.999,234110.33333333334,88.399,33.6,145270.33333333334,82.911,88.02,1.9406521739130433,10159.066666666668,2514.067,7.206666666666667,,3.8633333333333333,14711.004
2008-Q4,14608.209,234825.0,88.613,33.43333333333333,144090.33333333334,84.0,87.95066666666666,0.5053260869565218,9906.933333333334,2370.13,8.840000000000002,,3.2533333333333334,14411.662
2009-Q1,14430.902,234912.66666666666,88.543,33.199999999999996,141499.66666666666,81.738,87.94966666666666,0.18444444444444447,9814.966666666667,2165.874,8.213333333333333,,2.736666666666667,14162.551
2009-Q2,14381.236,235459.33333333334,88.396,33.03333333333333,140304.33333333334,83.895,88.294,0.17802197802197803,9805.5,2059.651,7.983333333333334,,3.313333333333334,14188.354
2009-Q3,14448.882,236093.0,88.501,33.1,139403.66666666666,84.573,88.60733333333333,0.15434782608695652,9939.4,2045.422,6.66,,3.516666666666667,14263.641
2009-Q4,14651.249,236739.0,88.781,33.166666666666664,138368.0,84.96,89.15933333333334,0.11836956521739131,10005.0,2050.795,6.326666666666667,,3.4599999999999995,14530.841
2010-Q1,14764.61,236996.33333333334,89.036,33.23333333333333,138590.0,84.143,89.46433333333333,0.1338888888888889,10101.833333333334,2039.398,6.286666666666666,,3.716666666666667,14652.508
2010-Q2,14980.193,237506.0,89.471,33.36666666666667,139226.33333333334,85.159,89.70533333333333,0.19197802197802197,10208.133333333333,2112.087,6.176666666666667,,3.49,14865.717
2010-Q3,15141.607,238103.66666666666,89.743,33.46666666666667,139337.66666666666,85.668,89.84333333333335,0.18880434782608696,10300.766666666668,2123.598,5.776666666666666,,2.7866666666666666,15136.173
2010-Q4,15309.474,238711.33333333334,90.264,33.53333333333333,139154.66666666666,85.954,90.12733333333334,0.18956521739130436,10430.333333333334,2171.138,5.913333333333333,,2.8633333333333333,15263.709
2011-Q1,15351.448,238851.66666666666,90.726,33.46666666666667,139427.66666666666,87.587,90.52300000000001,0.15455555555555556,10558.199999999999,2173.885,6.09,,3.4600000000000004,15358.947
2011-Q2,15557.539,239316.0,91.326,33.6,139531.33333333334,86.814,91.05233333333332,0.09461538461538462,10673.033333333333,2236.305,5.8500000000000005,,3.2099999999999995,15573.082
2011-Q3,15647.68,239871.0,91.876,33.6,139883.0,87.505,91.468,0.08358695652173913,10755.033333333333,2334.873,5.463333333333334,,2.4266666666666663,15700.283
2011-Q4,15842.259,240431.33333333334,91.985,33.666666666666664,140698.66666666666,86.208,91.794,0.07434782608695653,10809.166666666666,2400.138,5.253333333333333,,2.0466666666666664,15863.772
2012-Q1,16068.805,242436.0,92.525,33.733333333333334,141826.0,88.272,92.37333333333333,0.10417582417582417,10959.300000000001,2487.473,5.2,,2.0366666666666666,16274.824
2012-Q2,16207.115,242968.33333333334,92.907,33.666666666666664,142165.33333333334,88.735,92.75533333333333,0.1523076923076923,11005.033333333333,2545.458,5.093333333333334,,1.8233333333333333,16379.664
2012-Q3,16319.541,243564.0,93.417,33.666666666666664,142542.33333333334,88.723,93.02333333333333,0.14434782608695654,11059.366666666667,2559.69,4.873333333333334,,1.6433333333333333,16329.29
2012-Q4,16420.419,244169.0,93.885,33.666666666666664,143364.66666666666,91.002,93.43466666666666,0.16119565217391305,11165.666666666666,2609.548,4.573333333333333,,1.7066666666666668,16646.696
2013-Q1,16648.189,244828.66666666666,94.258,33.699999999999996,143323.33333333334,89.628,93.79966666666667,0.14366666666666666,11277.666666666666,2661.196,4.81,,1.95,16711.465
2013-Q2,16728.687,245363.33333333334,94.461,33.666666666666664,143838.66666666666,90.228,94.06433333333332,0.11582417582417584,11315.699999999999,2697.549,4.836666666666667,,1.9966666666666668,16848.772
2013-Q3,16953.838,245961.0,94.924,33.6,144336.0,90.027,94.43433333333333,0.08521739130434783,11408.366666666667,2755.705,5.403333333333333,,2.7100000000000004,16946.988
2013-Q4,17192.019,246564.33333333334,95.426,33.6,144264.66666666666,90.755,94.84133333333334,0.08554347826086957,11551.233333333332,2816.948,5.3566666666666665,,2.7466666666666666,17134.661
2014-Q1,17197.738,247086.0,95.788,33.53333333333333,145310.66666666666,92.492,95.141,0.07222222222222222,11646.0,2870.77,5.116666666666666,,2.763333333333333,17313.351
2014-Q2,17518.508,247625.0,96.33,33.7,145913.0,91.978,95.55633333333333,0.09098901098901098,11810.433333333334,2961.343,4.82,,2.6233333333333335,17652.741
2014-Q3,17804.228,248232.66666666666,96.726,33.7,146569.0,92.475,95.91533333333332,0.0891304347826087,11959.833333333334,3038.113,4.74,,2.4966666666666666,17928.908
2014-Q4,17912.079,248842.66666666666,96.822,33.766666666666666,147482.0,93.482,96.17533333333334,0.10130434782608697,12081.566666666666,3086.53,4.74,,2.28,18101.313
2015-Q1,18063.529,249900.66666666666,96.769,33.733333333333334,148106.0,94.572,96.336,0.11288888888888889,12119.800000000001,3107.041,4.5,,1.9666666666666668,18212.948
2015-Q2,18279.784,250461.33333333334,97.325,33.6,148714.66666666666,95.406,96.76533333333333,0.1256043956043956,12264.133333333333,3139.856,4.833333333333333,,2.1666666666666665,18381.066
2015-Q3,18401.626,251099.0,97.583,33.733333333333334,148945.66666666666,96.001,97.07666666666667,0.13478260869565217,12382.5,3176.809,5.243333333333333,,2.22,18460.774
2015-Q4,18435.137,251741.33333333334,97.581,33.733333333333334,149612.33333333334,95.81,97.31866666666667,0.16108695652173913,12423.366666666667,3169.729,5.419999999999999,,2.19,18497.179
2016-Q1,18525.933,252580.66666666666,97.496,33.63333333333333,150936.66666666666,95.845,97.72633333333333,0.3597802197802198,12523.166666666666,3181.999,5.306666666666667,,1.92,18592.063
2016-Q2,18711.702,253180.0,98.159,33.6,151143.0,96.196,98.26233333333334,0.36934065934065935,12665.133333333333,3215.897,4.666666666666667,,1.7533333333333332,18630.413
2016-Q3,18892.639,253855.0,98.41,33.56666666666667,151698.0,96.61,98.68866666666668,0.39489130434782604,12797.133333333333,3256.247,4.256666666666667,,1.5633333333333332,18800.88
2016-Q4,19089.379,254534.33333333334,98.886,33.56666666666667,151968.0,97.655,99.02866666666667,0.44815217391304346,12921.966666666667,3302.805,4.64,,2.1300000000000003,18984.656
2017-Q1,19280.084,254247.33333333334,99.39,33.56666666666667,152565.66666666666,98.629,99.48833333333334,0.698888888888889,13097.333333333334,3356.791,4.66,,2.4433333333333334,19237.015
2017-Q2,19438.643,254770.66666666666,99.65,33.666666666666664,153214.0,99.234,99.82099999999998,0.9473626373626375,13188.766666666668,3407.44,4.496666666666667,,2.263333333333333,19405.93
2017-Q3,19692.595,255356.66666666666,100.162,33.63333333333333,153786.0,100.516,100.12266666666666,1.1536956521739128,13325.066666666666,3445.283,4.333333333333333,,2.2433333333333336,19601.627
2017-Q4,20037.088,255941.33333333334,100.778,33.733333333333334,153772.66666666666,101.869,100.568,1.2046739130434783,13551.4,3530.448,4.27,,2.3699999999999997,19932.229
2018-Q1,20328.553,256937.0,101.419,33.699999999999996,154945.33333333334,102.478,101.20800000000001,1.4469999999999998,13745.066666666666,3610.589,4.47,,2.76,20204.957
2018-Q2,20580.912,257456.0,102.136,33.766666666666666,155575.33333333334,103.012,101.75133333333333,1.736923076923077,13891.266666666668,3666.129,4.776666666666666,,2.92,20470.2
2018-Q3,20798.73,258066.33333333334,102.577,33.733333333333334,155888.33333333334,104.021,102.07566666666666,1.9261956521739132,14002.199999999999,3690.028,4.8133333333333335,,2.926666666666667,20760.836
2018-Q4,20917.867,258703.33333333334,103.019,33.7,156643.0,104.364,102.55233333333332,2.220108695652174,14099.199999999999,3706.704,5.14,,3.033333333333333,20936.314
2019-Q1,21111.6,258389.33333333334,103.328,33.699999999999996,156683.66666666666,106.825,102.96366666666667,2.401777777777778,14150.199999999999,3735.845,4.97,,2.6533333333333333,21211.258
2019-Q2,21397.938,258863.66666666666,103.862,33.63333333333333,156892.66666666666,106.838,103.39866666666667,2.397362637362637,14350.666666666666,3820.789,4.596666666666667,,2.3333333333333335,21369.395
2019-Q3,21717.171,259431.66666666666,104.192,33.56666666666667,157899.0,106.889,103.78266666666667,2.1921739130434785,14548.266666666668,3869.365,4.0200000000000005,,1.7966666666666666,21557.692
2019-Q4,21933.217,260015.33333333334,104.516,33.56666666666667,158673.0,108.736,104.14733333333334,1.6456521739130436,14701.066666666666,3857.115,3.9133333333333336,,1.7933333333333332,21793.424
2020-Q1,21751.238,259629.33333333334,105.032,33.56666666666667,157525.0,111.295,104.61666666666667,1.254945054945055,14503.066666666666,3842.806,3.89,,1.3766666666666667,21753.36
2020-Q2,19958.291,260049.0,104.614,33.86666666666667,137566.66666666666,117.82,104.42,0.0587912087912088,13193.300000000001,3553.279,3.9066666666666667,,0.6866666666666666,19785.283
2020-Q3,21704.437,260557.66666666666,105.572,34.06666666666667,146214.66666666666,116.085,105.19666666666666,0.0926086956521739,14479.166666666666,3803.32,3.313333333333333,,0.65,21278.878
2020-Q4,22087.16,261080.0,106.23,34.233333333333334,149946.66666666666,119.032,105.66933333333334,0.08880434782608695,14749.800000000001,3976.028,3.3000000000000003,,0.8633333333333333,22201.274
2021-Q1,22704.65,260924.0,107.571,34.266666666666666,150240.33333333334,119.121,106.48933333333333,0.07688888888888888,15251.1,4091.446,3.466666666666667,,1.3166666666666667,22680.864
2021-Q2,23456.708,261217.0,109.233,34.36666666666667,151437.33333333334,121.057,108.00133333333333,0.06824175824175824,16022.966666666667,4192.052,3.5533333333333332,,1.5933333333333335,23365.846
2021-Q3,23998.844,261615.33333333334,110.892,34.233333333333334,153304.66666666666,122.646,109.28633333333335,0.09000000000000001,16376.5,4243.008,3.236666666666667,,1.3233333333333335,23990.255
2021-Q4,24823.19,262024.33333333334,112.824,34.2,155344.66666666666,124.409,110.69,0.07945652173913044,16808.766666666666,4362.032,3.31,,1.5366666666666668,24792.648
2022-Q1,25259.992,263323.3333333333,115.102,34.06666666666667,157657.66666666666,124.995,112.33033333333333,0.12144444444444444,17141.333333333332,4533.39,3.9466666666666668,,1.9400000000000002,25368.168
2022-Q2,25869.353,263691.0,117.715,34.06666666666667,158110.0,125.154,113.67399999999999,0.7668131868131868,17595.100000000002,4658.397,5.016666666666667,,2.9299999999999997,25899.485
2022-Q3,26335.374,264184.0,119.033,34.0,158621.66666666666,127.377,115.21100000000001,2.182934782608696,17863.833333333332,4712.164,5.3500000000000005,,3.106666666666667,26430.732
2022-Q4,26774.117,264695.6666666667,120.211,33.9,158785.66666666666,127.543,116.543,3.6533695652173916,18082.766666666666,4751.846,5.973333333333334,,3.83,26572.089
2023-Q1,27241.282,266115.3333333333,121.305,33.93333333333333,160492.66666666666,128.545,117.84500000000001,4.514555555555556,18446.866666666665,4851.775,5.6000000000000005,,3.6466666666666665,27117.027
2023-Q2,27533.925,266620.6666666667,121.953,33.8,160904.0,130.6,119.02733333333333,4.988131868131869,18625.433333333334,4953.342,5.683333333333334,,3.5933333333333333,27430.51
2023-Q3,28064.032,267214.3333333333,122.933,33.8,161394.0,132.603,119.74333333333334,5.259239130434783,18881.733333333334,5019.986,5.973333333333334,,4.1499999999999995,27875.276
2023-Q4,28464.306,267818.3333333333,123.579,33.766666666666666,161373.0,134.3,120.51333333333334,5.33,19136.433333333334,5114.057,6.1866666666666665,5.95672131147541,4.44,28408.439
2024-Q1,28793.191,267711.6666666667,124.56,33.73333333333333,161226.0,136.202,121.59566666666666,5.33,19375.600000000002,5186.732,5.733333333333333,5.51859375,4.16,28757.987
2024-Q2,29232.964,268250.6666666667,125.355,33.733333333333334,161256.66666666666,137.809,122.44166666666666,5.33,19682.166666666668,5239.499,5.923333333333333,5.7284848484848485,4.443333333333333,29151.62
2024-Q3,29568.256,268860.0,125.813,33.7,161513.0,139.441,123.15633333333334,5.264782608695652,19946.7,5319.829,5.62,5.4264179104477615,3.9466666666666668,29404.923
2024-Q4,29929.552,269463.3333333333,126.596,33.7,161396.33333333334,140.935,124.00099999999999,4.647934782608695,20285.533333333333,5340.947,5.736666666666667,5.56,4.283333333333333,29870.73
2025-Q1,30171.979,272851.6666666667,127.576,33.63333333333333,163559.33333333334,143.108,124.91833333333334,4.33,20477.433333333334,5443.32,5.976666666666667,5.803174603174604,4.453333333333333,30211.945
2025-Q2,30630.174,273389.0,128.243,33.63333333333333,163489.66666666666,143.527,125.825,4.33,20706.566666666666,5510.613,6.206666666666667,6.004923076923077,4.36,30642.298
2025-Q3,31180.493,274004.0,129.31,33.7,163388.66666666666,145.716,126.64966666666668,4.2956521739130435,21027.733333333334,5591.743,5.976666666666667,5.765373134328358,4.256666666666667,31167.873
2025-Q4,31462.523,274724.5,130.412,33.733333333333334,163876.0,147.059,127.431,3.895217391304348,21268.86666666667,5657.091,5.833333333333333,5.632424242424243,4.096666666666667,31608.741
2026-Q1,31906.274,274766.6666666667,131.44,33.8,162952.33333333334,147.843,128.667,3.64,21526.0,5763.211,5.91,5.761846153846154,4.196666666666666,32058.712
2026-Q2,32563.03,275058.3333333333,133.411,33.8,162552.33333333334,148.796,129.72,3.630989010989011,21993.2,5919.231,6.043333333333333,5.885454545454546,4.423333333333333,32752.528
2026-Q3,,275417.0,,33.8,162691.66666666666,,130.294,3.667391304347826,22213.1,,6.326666666666667,6.211818181818182,4.756666666666667,
2026-Q4,,,,,,,,3.88,,,,6.66,,
