date,ASACX10,FYCCZA,TFPKQ,TFPJQ
1959-Q1,,,4.96373,0.322345
1959-Q2,,,4.38442,0.325866
1959-Q3,,,-1.6268,0.326157
1959-Q4,,,0.0884244,0.323217
1960-Q1,,,9.09871,0.317048
1960-Q2,,,-7.36546,0.31289
1960-Q3,,,-0.402835,0.310744
1960-Q4,,,-3.90147,0.31061
1961-Q1,,,1.78485,0.312488
1961-Q2,,,10.0924,0.314234
1961-Q3,,,4.36541,0.315849
1961-Q4,,,4.52896,0.317331
1962-Q1,,,1.84025,0.318682
1962-Q2,,,0.831194,0.320212
1962-Q3,,,4.49632,0.32192
1962-Q4,,,3.43518,0.323807
1963-Q1,,,1.19304,0.325872
1963-Q2,,,2.60596,0.327445
1963-Q3,,,6.70107,0.328525
1963-Q4,,,0.528703,0.329113
1964-Q1,,,3.58411,0.329207
1964-Q2,,,1.64857,0.33013
1964-Q3,,,3.86708,0.331882
1964-Q4,,,-0.737325,0.334461
1965-Q1,,,6.722,0.337868
1965-Q2,,,0.131188,0.339947
1965-Q3,,,6.41153,0.340698
1965-Q4,,,5.29723,0.34012
1966-Q1,,,6.14505,0.338213
1966-Q2,,,-2.65024,0.336115
1966-Q3,,,-0.731821,0.333825
1966-Q4,,,0.935084,0.331344
1967-Q1,,,0.453914,0.328672
1967-Q2,,,1.45423,0.326812
1967-Q3,,,0.46725,0.325766
1967-Q4,,,0.873034,0.325534
1968-Q1,,,6.18443,0.326114
1968-Q2,,,3.35372,0.325579
1968-Q3,,,1.35218,0.323926
1968-Q4,,,-0.946365,0.321158
1969-Q1,,,-0.268358,0.317273
1969-Q2,,,-1.37291,0.312881
1969-Q3,,,-0.311974,0.307984
1969-Q4,,,-3.18559,0.30258
1970-Q1,,,-2.16536,0.296671
1970-Q2,,,1.37198,0.293662
1970-Q3,,,4.54851,0.293556
1970-Q4,,,-4.55339,0.296351
1971-Q1,,,9.44637,0.302047
1971-Q2,,,0.254239,0.306125
1971-Q3,,6.23707,3.44703,0.308586
1971-Q4,,5.9836,-0.59212,0.309428
1972-Q1,,6.11118,3.78888,0.308651
1972-Q2,,6.18906,6.15658,0.308146
1972-Q3,,6.2552,2.54093,0.307911
1972-Q4,,6.26252,6.48134,0.307946
1973-Q1,,6.44974,6.01888,0.308252
1973-Q2,,6.5838,-0.673227,0.307284
1973-Q3,,6.99327,-4.61978,0.305042
1973-Q4,,6.64888,0.495803,0.301526
1974-Q1,,6.94129,-7.95138,0.296737
1974-Q2,,7.58503,-2.56298,0.295314
1974-Q3,,7.92961,-4.70349,0.297258
1974-Q4,,7.38284,-2.2719,0.302568
1975-Q1,,7.25972,0.369371,0.311245
1975-Q2,,7.707,4.87524,0.317668
1975-Q3,,7.87692,5.84282,0.321837
1975-Q4,,7.86016,1.43159,0.323753
1976-Q1,,7.5949,6.51457,0.323414
1976-Q2,,7.58371,1.83223,0.323472
1976-Q3,,7.57054,0.786795,0.323926
1976-Q4,,7.13786,0.675426,0.324776
1977-Q1,,7.22329,2.46849,0.326023
1977-Q2,,7.29857,3.46479,0.326934
1977-Q3,,7.25058,5.12403,0.327509
1977-Q4,,7.46971,-2.91832,0.327748
1978-Q1,,7.87665,-1.40015,0.327651
1978-Q2,,8.09291,8.00522,0.326667
1978-Q3,,8.24269,-0.130334,0.324795
1978-Q4,,8.47988,0.251269,0.322037
1979-Q1,,8.74626,-1.71266,0.318391
1979-Q2,,8.76883,-4.14041,0.314804
1979-Q3,,8.74283,-1.66441,0.311277
1979-Q4,6.9,9.99726,-1.65147,0.30781
1980-Q1,,11.3783,-0.674226,0.304402
1980-Q2,7.85,10.2261,-7.50914,0.303472
1980-Q3,,10.6375,0.0292997,0.305021
1980-Q4,8.25,11.8542,5.30709,0.309049
1981-Q1,,12.367,3.84492,0.315556
1981-Q2,7.8,12.9689,-3.24155,0.319892
1981-Q3,,13.8605,4.34492,0.322058
1981-Q4,7.05,13.486,-7.20066,0.322053
1982-Q1,,13.6209,-4.75335,0.319878
1982-Q2,5.7,13.1756,-1.34765,0.319005
1982-Q3,,12.5357,-2.60839,0.319434
1982-Q4,5.65,10.6677,0.359008,0.321164
1983-Q1,5.3,10.6151,2.29155,0.324197
1983-Q2,,10.5553,5.49749,0.327014
1983-Q3,,11.5265,1.76433,0.329617
1983-Q4,5.2,11.5566,4.66881,0.332006
1984-Q1,5.6,11.7594,5.31254,0.334179
1984-Q2,,12.9091,3.47149,0.335604
1984-Q3,,12.5172,0.150638,0.336281
1984-Q4,5.2,11.5426,-0.074327,0.336209
1985-Q1,4.35,11.492,1.63266,0.335389
1985-Q2,,10.8643,-1.00119,0.333363
1985-Q3,,10.4534,4.09167,0.330131
1985-Q4,4.55,9.9393,0.0318995,0.325693
1986-Q1,4,8.75933,2.24903,0.32005
1986-Q2,,7.8506,-0.127452,0.316106
1986-Q3,,7.74236,0.69247,0.313862
1986-Q4,4,7.65812,-0.689827,0.313317
1987-Q1,4.2,7.43425,-1.55574,0.314472
1987-Q2,,8.44443,4.39455,0.315471
1987-Q3,,8.9409,1.47887,0.316312
1987-Q4,4.5,9.17978,1.19921,0.316997
1988-Q1,4.3,8.62404,1.91057,0.317525
1988-Q2,,9.04835,-0.0487191,0.317906
1988-Q3,,9.15807,1.01298,0.318139
1988-Q4,4.35,8.9162,0.872196,0.318226
1989-Q1,4.25,9.04099,0.423311,0.318165
1989-Q2,,8.65269,-3.483,0.317318
1989-Q3,,8.06644,-0.0506198,0.315683
1989-Q4,4.2,7.89012,-0.767527,0.313262
1990-Q1,3.95,8.36282,2.28787,0.310053
1990-Q2,,8.59934,1.56217,0.308205
1990-Q3,,8.70822,-1.08815,0.307717
1990-Q4,4.15,8.44328,-4.30143,0.308591
1991-Q1,4.05,8.14735,-1.98006,0.310825
1991-Q2,,8.28981,3.51291,0.311661
1991-Q3,,8.13694,1.18834,0.311101
1991-Q4,4,7.66874,0.448963,0.309144
1992-Q1,3.7,7.64505,8.9112,0.30579
1992-Q2,3.9,7.68068,1.93592,0.303686
1992-Q3,3.75,7.1541,0.610537,0.302831
1992-Q4,3.6,7.17903,1.21782,0.303226
1993-Q1,3.5,6.69105,-4.98649,0.304871
1993-Q2,3.7,6.3656,0.363763,0.307042
1993-Q3,3.45,5.89792,-2.02673,0.309741
1993-Q4,3.45,5.87159,4.55298,0.312967
1994-Q1,3.45,6.31739,-1.89922,0.31672
1994-Q2,3.5,7.22314,0.568369,0.320016
1994-Q3,3.5,7.42991,-1.56163,0.322855
1994-Q4,3.5,7.8335,4.74339,0.325237
1995-Q1,3.3,7.48842,-2.0217,0.327163
1995-Q2,3.35,6.66913,-0.479349,0.328913
1995-Q3,3.2,6.42928,1.26528,0.330488
1995-Q4,3,5.97439,0.584187,0.331886
1996-Q1,3,6.03842,2.93031,0.333109
1996-Q2,3,6.80071,3.68244,0.334473
1996-Q3,3,6.79411,1.4649,0.335979
1996-Q4,3,6.39404,1.16153,0.337626
1997-Q1,3,6.59693,-0.985772,0.339415
1997-Q2,2.85,6.73873,3.91199,0.339574
1997-Q3,3,6.31981,3.63365,0.338104
1997-Q4,2.65,5.97512,1.45125,0.335004
1998-Q1,2.6,5.69418,2.68953,0.330275
1998-Q2,2.5,5.70573,1.36874,0.326713
1998-Q3,2.5,5.32766,3.5384,0.324319
1998-Q4,2.5,4.94823,0.396078,0.323092
1999-Q1,2.3,5.34575,5.54088,0.323032
1999-Q2,2.5,5.8276,-1.85041,0.32204
1999-Q3,2.5,6.21937,1.48504,0.320116
1999-Q4,2.5,6.45053,3.46184,0.317259
2000-Q1,2.5,6.57756,1.57227,0.313471
2000-Q2,2.5,6.3159,3.58763,0.310402
2000-Q3,2.5,6.02237,-0.872879,0.308052
2000-Q4,2.5,5.7142,1.49276,0.306423
2001-Q1,2.5,5.30546,-2.44194,0.305513
2001-Q2,2.5,5.55228,1.75632,0.306157
2001-Q3,2.5,5.32818,-2.01503,0.308356
2001-Q4,2.55,5.17798,0.0620205,0.312109
2002-Q1,2.5,5.50417,5.65492,0.317417
2002-Q2,2.5,5.47126,1.34207,0.32199
2002-Q3,2.5,4.68861,1.1449,0.325829
2002-Q4,2.45,4.44547,0.88917,0.328934
2003-Q1,2.5,4.31036,0.872638,0.331304
2003-Q2,2.5,3.94211,3.50733,0.333616
2003-Q3,2.5,4.57445,5.68147,0.33587
2003-Q4,2.5,4.59445,1.89942,0.338064
2004-Q1,2.5,4.28762,0.756896,0.3402
2004-Q2,2.5,4.8857,3.12685,0.342909
2004-Q3,2.5,4.55548,3.21703,0.346191
2004-Q4,2.5,4.38499,0.0986992,0.350047
2005-Q1,2.45,4.42747,2.07759,0.354476
2005-Q2,2.5,4.25011,0.616337,0.358836
2005-Q3,2.5,4.28217,1.77767,0.363126
2005-Q4,2.5,4.57539,1.95072,0.367348
2006-Q1,2.5,4.63187,3.13824,0.371501
2006-Q2,2.5,5.11547,-1.13811,0.373471
2006-Q3,2.5,4.92345,-1.5887,0.373257
2006-Q4,2.5,4.66173,0.328418,0.370859
2007-Q1,2.35,4.71959,-0.803239,0.366279
2007-Q2,2.4,4.88856,-0.503762,0.361752
2007-Q3,2.4,4.83863,-2.57049,0.357278
2007-Q4,2.4,4.45292,0.186405,0.352858
2008-Q1,2.5,3.98029,-4.93588,0.348491
2008-Q2,2.5,4.18669,0.344838,0.346731
2008-Q3,2.5,4.14733,-1.05977,0.347578
2008-Q4,2.5,3.8926,-7.11499,0.351031
2009-Q1,2.4,3.36154,-2.49959,0.35709
2009-Q2,2.5,3.80384,5.42827,0.363264
2009-Q3,2.5,3.96751,4.37788,0.369551
2009-Q4,2.2627,3.84293,5.59116,0.375953
2010-Q1,2.39,4.03817,-0.0959004,0.382469
2010-Q2,2.4,3.76548,2.51305,0.386718
2010-Q3,2.3,3.01323,4.42476,0.388702
2010-Q4,2.2,3.09816,-0.348852,0.388419
2011-Q1,2.3,3.68558,-1.75251,0.385871
2011-Q2,2.4,3.42253,0.61813,0.384879
2011-Q3,2.4,2.58838,-2.02008,0.385443
2011-Q4,2.5,2.16461,3.12121,0.387564
2012-Q1,2.3,2.13351,4.41447,0.391242
2012-Q2,2.48,1.88112,-0.919113,0.393516
2012-Q3,2.35,1.68516,-3.26092,0.394386
2012-Q4,2.3,1.7378,1.3625,0.393852
2013-Q1,2.3,2.01032,0.401381,0.391915
2013-Q2,2.3,2.05035,-0.36911,0.391039
2013-Q3,2.205,2.85249,0.832784,0.391225
2013-Q4,2.3,2.90005,1.9165,0.392473
2014-Q1,2.3,2.90553,-2.85009,0.394782
2014-Q2,2.25,2.73121,4.63827,0.396018
2014-Q3,2.2,2.59709,2.01241,0.396181
2014-Q4,2.2,2.36568,0.233541,0.395271
2015-Q1,2.1,2.05201,1.20378,0.393288
2015-Q2,2.135,2.26412,0.766313,0.39154
2015-Q3,2.15,2.30427,-1.39994,0.390027
2015-Q4,2.15,2.28085,-2.99788,0.388749
2016-Q1,2.12,2.00127,1.99671,0.387705
2016-Q2,2.2,1.81131,-3.57845,0.3864
2016-Q3,2.15,1.60968,1.62716,0.384835
2016-Q4,2.2161,2.21668,1.49117,0.383009
2017-Q1,2.3,2.52133,0.50519,0.380922
2017-Q2,2.3,2.31801,0.074109,0.379731
2017-Q3,2.25,2.28604,1.3021,0.379436
2017-Q4,2.2,2.39778,2.6616,0.380036
2018-Q1,2.25,2.77806,0.056997,0.381532
2018-Q2,2.3,2.92376,0.218108,0.382326
2018-Q3,2.2,2.92166,0.867301,0.382417
2018-Q4,2.21,3.0383,-0.989132,0.381805
2019-Q1,2.2,2.64659,3.18154,0.380491
2019-Q2,2.2,2.3515,-0.08731,0.379697
2019-Q3,2.2,1.80755,1.91376,0.379425
2019-Q4,2.2,1.81097,2.21074,0.379673
2020-Q1,2.2,1.40403,-4.82961,0.380443
2020-Q2,2.135,0.730362,-12.7699,0.382627
2020-Q3,2.03,0.656095,17.2831,0.386226
2020-Q4,2.12,0.871615,8.56081,0.391239
2021-Q1,2.2,1.3913,1.24124,0.397667
2021-Q2,2.3,1.68393,1.28623,0.402256
2021-Q3,2.4367,1.37949,1.31447,0.405006
2021-Q4,2.55,1.5976,3.48973,0.405917
2022-Q1,2.4981,2.02136,-4.05124,0.40499
2022-Q2,2.8,2.9995,-3.63456,0.404398
2022-Q3,2.8,3.14763,-0.0994424,0.404144
2022-Q4,2.95,3.85704,-2.38631,0.404226
2023-Q1,2.37,3.64836,1.6452,0.404644
2023-Q2,2.3555,3.61776,1.49132,0.404812
2023-Q3,2.4,4.14702,1.58023,0.404729
2023-Q4,2.4,4.50447,4.63752,0.404394
2024-Q1,2.24,4.17031,-0.751848,0.403809
2024-Q2,2.325,4.42044,2.26622,0.403403
2024-Q3,2.3,3.95252,0.757735,0.403177
2024-Q4,2.225,4.28759,1.39456,0.40313
2025-Q1,2.3,4.47499,-1.65447,0.403263
2025-Q2,2.3492,4.42234,1.8724,0.403363
2025-Q3,2.305,4.31313,3.87219,0.40343
2025-Q4,2.38,4.16707,0.7757,0.403463
2026-Q1,2.3,4.26958,-0.0649919,0.403901
2026-Q2,2.4,4.49121,0.0904389,0.404341
2026-Q3,2.3,4.78699,,
